{
  "input_size": 2,
  "hidden_size": 16,
  "num_layers": 1,
  "fc": {
    "Sx": 0.008036286570131779,
    "Sw": 0.0017869244329631329,
    "bias_fp32": true
  },
  "cells": [
    {
      "idx": 0,
      "ih": {
        "Sx": 0.039802614599466324,
        "Sw": 0.01014687679708004,
        "bias_fp32": true
      },
      "hh": {
        "Sx": 0.007499991450458765,
        "Sw": 0.008692014962434769,
        "bias_fp32": true
      },
      "S_gate_q8": 32,
      "S_tanhc_q8": 64
    }
  ],
  "mp_time": {
    "enabled": true,
    "tau_thr": 0.08,
    "grid_base": 256.0,
    "grid_fine": 768.0
  }
}