{
    "std": {
        "hidden_size": 16,
        "num_layers": 1,
        "lr": 0.0001,
        "lambda_ss": 9.7800629709722e-06,
        "lambda_tr": 2.1549713272239936e-06
    },
    "pi": {
        "hidden_size": 16,
        "num_layers": 1,
        "lr": 0.0001,
        "lambda_ss": 9.7800629709722e-06,
        "lambda_tr": 2.1549713272239936e-06
    }
}