{
  "input_size": 2,
  "hidden_size": 16,
  "num_layers": 1,
  "fc": {
    "Sx": 0.007866973988711834,
    "Sw": 0.002154788002371788,
    "bias_fp32": true
  },
  "cells": [
    {
      "idx": 0,
      "ih": {
        "Sx": 0.0243837907910347,
        "Sw": 0.0056370398961007595,
        "bias_fp32": true
      },
      "hh": {
        "Sx": 0.006087375804781914,
        "Sw": 0.0021808522287756205,
        "bias_fp32": true
      },
      "S_gate_q8": 32,
      "S_tanhc_q8": 64
    }
  ],
  "mp_time": {
    "enabled": true,
    "tau_thr": 0.08,
    "grid_base": 256.0,
    "grid_fine": 768.0
  }
}